method,runtime
non-private,0.5241603851318359
naive,0.5239710807800293
mcmc,72.60826563835144
gibbs-noisy,30.144880056381226
gibbs-update,167.35772347450256
