method,runtime
non-private,0.4454960823059082
naive,0.44508981704711914
mcmc,143.28323197364807
gibbs-noisy,25.78726887702942
gibbs-update,157.25311183929443
