method,runtime
non-private,0.4814131259918213
naive,0.44855833053588867
mcmc,134.70366644859314
gibbs-noisy,27.92740035057068
gibbs-update,158.97708654403687
