param,true_value
theta_0,0.5874660999114584
theta_bias,1.3154901148907217
sigma_squared,0.023724838817146057
mu_x,0.13549580405916203
tau,0.026524381885038934
