param,true_value
theta_0,-0.48491449419790456
theta_bias,0.8701434094630355
sigma_squared,0.02135031210696723
mu_x,0.09561655789590975
tau,0.018441683862465284
