param,true_value
theta_0,-1.5852192549127642
theta_bias,0.536175807948842
sigma_squared,0.02923071291357879
mu_x,-0.08094841026497934
tau,0.016999559943417158
