method,runtime
non-private,0.5077958106994629
naive,0.4761199951171875
mcmc,46.767420530319214
gibbs-noisy,26.536535263061523
gibbs-update,148.27585649490356
