method,runtime
non-private,0.4814033508300781
naive,0.4751701354980469
mcmc,1419.0413451194763
gibbs-noisy,25.99950885772705
gibbs-update,162.7902524471283
