method,runtime
non-private,0.46115589141845703
naive,0.44997596740722656
mcmc,44.309269428253174
gibbs-noisy,28.13570261001587
gibbs-update,160.5867898464203
