param,true_value
theta_0,-1.1851695914352887
theta_bias,0.09485487208351179
sigma_squared,0.024942579424199442
mu_x,-0.00024376752297745267
tau,0.016808525037113504
