param,true_value
theta_0,-0.08437408422361742
theta_bias,-0.31234797341006
sigma_squared,0.023455914225891782
mu_x,0.0038646629598472417
tau,0.020599414930378958
