param,true_value
theta_0,-0.8747593139617148
theta_bias,-1.4237287498400428
sigma_squared,0.03829067710574946
mu_x,0.23250205452231604
tau,0.023845047205276203
