method,runtime
non-private,0.4515798091888428
naive,0.44896697998046875
mcmc,114.11169576644897
gibbs-noisy,27.136329889297485
gibbs-update,163.46554040908813
