method,runtime
non-private,0.5310459136962891
naive,0.528712272644043
mcmc,54.149596214294434
gibbs-noisy,24.590600967407227
gibbs-update,150.84783577919006
