method,runtime
non-private,0.6300508975982666
naive,0.552293062210083
mcmc,52.88724660873413
gibbs-noisy,27.710583925247192
gibbs-update,190.89317417144775
