param,true_value
theta_0,0.17016159680385026
theta_bias,1.0131713724696023
sigma_squared,0.020915204716647724
mu_x,-0.06289469282878574
tau,0.012034787016990688
