param,true_value
theta_0,0.4698877622885358
theta_bias,-0.4073779140978955
sigma_squared,0.028358901643892005
mu_x,-0.06479900562761791
tau,0.020694164005189163
