param,true_value
theta_0,-0.8899895102227392
theta_bias,-1.2680976098552976
sigma_squared,0.03490141329286277
mu_x,0.0030726028804178612
tau,0.02100328277889958
