method,runtime
non-private,0.5521242618560791
naive,0.5533075332641602
