method,runtime
non-private,0.5517101287841797
naive,0.5257337093353271
