method,runtime
non-private,0.5497658252716064
naive,0.5255646705627441
