method,runtime
non-private,0.5535068511962891
naive,0.5263826847076416
