method,runtime
non-private,0.551785945892334
naive,0.5270743370056152
