method,runtime
non-private,0.5501794815063477
naive,0.5468525886535645
