method,runtime
non-private,0.5667314529418945
naive,0.5247502326965332
