method,runtime
non-private,0.5512287616729736
naive,0.578148365020752
