param,true_value
theta_0,-0.7626863595163318
theta_bias,1.659091320356941
sigma_squared,0.02938730543750263
mu_x,0.22059582830539365
tau,0.02117558342389136
