param,true_value
theta_0,-1.483847464493158
theta_bias,0.3697499790874571
sigma_squared,0.026009957359063522
mu_x,0.19318383205790912
tau,0.020469096768238035
