param,true_value
theta_0,-1.6900263293283968
theta_bias,1.5145611074970247
sigma_squared,0.02517784699691414
mu_x,-0.019424371070743792
tau,0.01236405444220497
