param,true_value
theta_0,0.24822293026179706
theta_bias,-0.3785042986043101
sigma_squared,0.0253355174167152
mu_x,0.17575639539173146
tau,0.02039094893457356
