param,true_value
theta_0,-0.3355418010687504
theta_bias,-0.159864197022893
sigma_squared,0.024560086350931
mu_x,0.032291665705997834
tau,0.02260492665504474
