param,true_value
theta_0,0.6061022707848457
theta_bias,-0.019164398236954754
sigma_squared,0.03011053380068724
mu_x,0.1281227424519379
tau,0.022904532283727817
