param,true_value
theta_0,1.2864740957534926
theta_bias,-0.9899793028474481
sigma_squared,0.02069230730558527
mu_x,0.08745537285791304
tau,0.027620288267359683
