param,true_value
theta_0,0.494636565611207
theta_bias,-1.6087897043791421
sigma_squared,0.024738789828381777
mu_x,-0.05155744637228067
tau,0.01691995416678979
