method,runtime
non-private,0.43989109992980957
naive,0.4398226737976074
mcmc,74.94946384429932
gibbs-noisy,25.345017194747925
gibbs-update,162.15576457977295
