method,runtime
non-private,0.5030555725097656
naive,0.4688842296600342
mcmc,139.92272281646729
gibbs-noisy,23.608436107635498
gibbs-update,147.54369020462036
