method,runtime
non-private,0.4423694610595703
naive,0.4405698776245117
mcmc,576.8786599636078
gibbs-noisy,25.92454981803894
gibbs-update,147.95344471931458
