param,true_value
theta_0,0.1753810775670403
theta_bias,1.5851460204078167
sigma_squared,0.032366608337521606
mu_x,0.3958606882167034
tau,0.02632985987868545
