param,true_value
theta_0,0.6421761793528195
theta_bias,2.122363936466821
sigma_squared,0.02750429968671073
mu_x,0.08595998444745984
tau,0.017435215493596678
