param,true_value
theta_0,-0.46451231101525686
theta_bias,-0.8794474669062714
sigma_squared,0.0259179334241161
mu_x,0.16805136910414437
tau,0.0261808186494759
